<?xml version="1.0" encoding="UTF-8"?>
<!-- Copyright (C) 2013 ApPeAL Group, Politecnico di Torino This file is 
	part of TraCI4J. TraCI4J is free software: you can redistribute it and/or 
	modify it under the terms of the GNU General Public License as published 
	by the Free Software Foundation, either version 3 of the License, or (at 
	your option) any later version. TraCI4J is distributed in the hope that it 
	will be useful, but WITHOUT ANY WARRANTY; without even the implied warranty 
	of MERCHANTABILITY or FITNESS FOR A PARTICULAR PURPOSE. See the GNU General 
	Public License for more details. You should have received a copy of the GNU 
	General Public License along with TraCI4J. If not, see <http://www.gnu.org/licenses/>. -->

<traciClass>
	<name>LaArDetector</name>

	<javadoc>
	Representation of a Lane Area detector (E2) in the SUMO environment.
	@see &lt;a href="http://sumo.dlr.de/wiki/Simulation/Output/Lanearea_Detectors_(E2)"&gt;SUMO documentation&lt;/a&gt;
	@see &lt;a href="http://sumo.dlr.de/wiki/TraCI/Lane_Area_Detector_Value_Retrieval"&gt;TraCI documentation&lt;/a&gt;
	@author Christian Zyweck &amp;lt;zyweckch@informatik.hu-berlin.de&amp;gt;
	</javadoc>

	<repos>
		<repo>Lane</repo>
		<repo>Vehicle</repo>
	</repos>

	<command>sim.traci4j.src.java.it.polito.appeal.traci.protocol.Constants.CMD_GET_LANE_AREA_DETECTOR_VARIABLE
	</command>

	<readQueries>
		<readQuery>
			<name>ReadLane</name>
			<enum>LANE</enum>
			<const>sim.traci4j.src.java.it.polito.appeal.traci.protocol.Constants.VAR_LANE_ID</const>
			<query>ReadObjectVarQuery.LaneQ</query>
			<returnType>Lane</returnType>
			<dynamic>false</dynamic>
		</readQuery>
		<readQuery>
			<name>ReadLastStepVehicleNumber</name>
			<enum>VEHICLE_NUMBER</enum>
			<const>sim.traci4j.src.java.it.polito.appeal.traci.protocol.Constants.LAST_STEP_VEHICLE_NUMBER
			</const>
			<query>ReadObjectVarQuery.IntegerQ</query>
			<returnType>Integer</returnType>
			<dynamic>true</dynamic>
		</readQuery>
		<readQuery>
			<name>ReadLastStepMeanSpeed</name>
			<enum>MEAN_SPEED</enum>
			<const>sim.traci4j.src.java.it.polito.appeal.traci.protocol.Constants.LAST_STEP_MEAN_SPEED
			</const>
			<query>ReadObjectVarQuery.DoubleQ</query>
			<returnType>Double</returnType>
			<dynamic>true</dynamic>
		</readQuery>
		<readQuery>
			<name>ReadLastStepVehicles</name>
			<enum>VEHICLES</enum>
			<const>sim.traci4j.src.java.it.polito.appeal.traci.protocol.Constants.LAST_STEP_VEHICLE_ID_LIST
			</const>
			<query>VehicleSetQuery</query>
			<returnType>java.util.Set&lt;Vehicle&gt;</returnType>
			<dynamic>true</dynamic>
		</readQuery>
		<readQuery>
			<name>ReadPositionInLane</name>
			<enum>POSITION</enum>
			<const>sim.traci4j.src.java.it.polito.appeal.traci.protocol.Constants.VAR_POSITION</const>
			<query>ReadObjectVarQuery.DoubleQ</query>
			<returnType>Double</returnType>
			<dynamic>false</dynamic>
		</readQuery>
		<readQuery>
			<name>ReadLengthInLane</name>
			<enum>LENGTH</enum>
			<const>sim.traci4j.src.java.it.polito.appeal.traci.protocol.Constants.VAR_LENGTH</const>
			<query>ReadObjectVarQuery.DoubleQ</query>
			<returnType>Double</returnType>
			<dynamic>false</dynamic>
		</readQuery>
	</readQueries>

	<changeStateQueries>
	</changeStateQueries>
</traciClass>
