<?xml version="1.0" encoding="UTF-8"?>
<!-- Copyright (C) 2013 ApPeAL Group, Politecnico di Torino This file is 
	part of TraCI4J. TraCI4J is free software: you can redistribute it and/or 
	modify it under the terms of the GNU General Public License as published 
	by the Free Software Foundation, either version 3 of the License, or (at 
	your option) any later version. TraCI4J is distributed in the hope that it 
	will be useful, but WITHOUT ANY WARRANTY; without even the implied warranty 
	of MERCHANTABILITY or FITNESS FOR A PARTICULAR PURPOSE. See the GNU General 
	Public License for more details. You should have received a copy of the GNU 
	General Public License along with TraCI4J. If not, see <http://www.gnu.org/licenses/>. -->

<traciClass>
	<name>TrafficLight</name>

	<javadoc>
	Representation of a traffic light in the SUMO environment.
	@see &lt;a href="http://sumo.dlr.de/wiki/Simulation/Traffic_Lights"&gt;SUMO documentation&lt;/a&gt;
	@see &lt;a href="http://sumo.dlr.de/wiki/TraCI/Traffic_Lights_Value_Retrieval"&gt;TraCI documentation&lt;/a&gt;
	@author Enrico Gueli &amp;lt;enrico.gueli@polito.it&amp;gt;
	</javadoc>

	<repos>
		<repo>Lane</repo>
	</repos>

	<command>sim.traci4j.src.java.it.polito.appeal.traci.protocol.Constants.CMD_GET_TL_VARIABLE
	</command>
	<changeStateCommand>sim.traci4j.src.java.it.polito.appeal.traci.protocol.Constants.CMD_SET_TL_VARIABLE
	</changeStateCommand>

	<readQueries>
		<readQuery>
			<name>ReadState</name>
			<enum>STATE</enum>
			<const>sim.traci4j.src.java.it.polito.appeal.traci.protocol.Constants.TL_RED_YELLOW_GREEN_STATE
			</const>
			<query>ReadTLStateQuery</query>
			<returnType></returnType>
			<dynamic>true</dynamic>
		</readQuery>
		<readQuery>
			<name>ReadDefaultCurrentPhaseDuration</name>
			<enum>DEFAULT_CURRENT_PHASE_DURATION</enum>
			<const>sim.traci4j.src.java.it.polito.appeal.traci.protocol.Constants.TL_PHASE_DURATION
			</const>
			<query>ReadObjectVarQuery.IntegerQ</query>
			<returnType>java.lang.Integer</returnType>
			<dynamic>true</dynamic>
		</readQuery>
		<readQuery>
			<name>ReadControlledLanes</name>
			<enum>CONTROLLED_LANES</enum>
			<const>sim.traci4j.src.java.it.polito.appeal.traci.protocol.Constants.TL_CONTROLLED_LANES
			</const>
			<query>LaneListQuery</query>
			<returnType></returnType>
			<dynamic>false</dynamic>
		</readQuery>
		<readQuery>
			<name>ReadControlledLinks</name>
			<enum>CONTROLLED_LINKS</enum>
			<const>sim.traci4j.src.java.it.polito.appeal.traci.protocol.Constants.TL_CONTROLLED_LINKS
			</const>
			<query>ReadControlledLinksQuery</query>
			<returnType></returnType>
			<dynamic>false</dynamic>
		</readQuery>
		<readQuery>
			<name>ReadCurrentPhase</name>
			<enum>CURRENT_PHASE</enum>
			<const>sim.traci4j.src.java.it.polito.appeal.traci.protocol.Constants.TL_CURRENT_PHASE
			</const>
			<query>ReadObjectVarQuery.IntegerQ</query>
			<returnType></returnType>
			<dynamic>true</dynamic>
		</readQuery>
		<readQuery>
			<name>ReadCurrentProgram</name>
			<enum>CURRENT_PROGRAM</enum>
			<const>sim.traci4j.src.java.it.polito.appeal.traci.protocol.Constants.TL_CURRENT_PROGRAM
			</const>
			<query>ReadObjectVarQuery.StringQ</query>
			<returnType></returnType>
			<dynamic>true</dynamic>
		</readQuery>
		<readQuery>
			<name>ReadCompleteDefinition</name>
			<enum>COMPLETE_DEFINITION</enum>
			<const>sim.traci4j.src.java.it.polito.appeal.traci.protocol.Constants.TL_COMPLETE_DEFINITION_RYG
			</const>
			<query>ReadCompleteDefinitionQuery</query>
			<returnType></returnType>
			<dynamic>false</dynamic>
		</readQuery>
		<readQuery>
			<name>ReadAssumedNextSwitchTime</name>
			<enum>ASSUMED_NEXT_SWITCH_TIME</enum>
			<const>sim.traci4j.src.java.it.polito.appeal.traci.protocol.Constants.TL_NEXT_SWITCH</const>
			<query>ReadObjectVarQuery.IntegerQ</query>
			<returnType></returnType>
			<dynamic>true</dynamic>
		</readQuery>
	</readQueries>

	<changeStateQueries>
		<changeStateQuery>
			<name>ChangeLightsState</name>
			<query>ChangeLightsStateQuery</query>
		</changeStateQuery>
		<changeStateQuery>
			<name>ChangePhaseIndex</name>
			<query>ChangeObjectVarQuery.ChangeIntegerQ</query>
			<const>sim.traci4j.src.java.it.polito.appeal.traci.protocol.Constants.TL_PHASE_INDEX</const>
		</changeStateQuery>
		<changeStateQuery>
			<name>ChangeProgram</name>
			<query>ChangeObjectVarQuery.ChangeStringQ</query>
			<const>sim.traci4j.src.java.it.polito.appeal.traci.protocol.Constants.TL_PROGRAM</const>
		</changeStateQuery>
		<changeStateQuery>
			<name>ChangePhaseDuration</name>
			<query>ChangeObjectVarQuery.ChangeIntegerQ</query>
			<const>sim.traci4j.src.java.it.polito.appeal.traci.protocol.Constants.TL_PHASE_DURATION
			</const>
		</changeStateQuery>
		<changeStateQuery>
			<name>ChangeCompleteProgramDefinition</name>
			<query>ChangeCompleteProgramQuery</query>
			<const>sim.traci4j.src.java.it.polito.appeal.traci.protocol.Constants.TL_COMPLETE_PROGRAM_RYG
			</const>
		</changeStateQuery>
	</changeStateQueries>
</traciClass>
